{"coco/bbox_mAP": 0.47, "coco/bbox_mAP_50": 0.661, "coco/bbox_mAP_75": 0.509, "coco/bbox_mAP_s": 0.301, "coco/bbox_mAP_m": 0.498, "coco/bbox_mAP_l": 0.619, "data_time": 0.001596549129486084, "time": 0.05807769808769226}